,,,
Красота,Персональная гигиена,Дезодорант-антиперспирант,Дезодорант - спрей,,,,
Красота,Персональная гигиена,Дезодорант-антиперспирант,Дезодорант шариковый,,,,
Красота,Персональная гигиена,Для/после депиляции,Для/после депиляции,,,,
Красота,Персональная гигиена,Мыло жидкое,Мыло жидкое,,,,
Красота,Персональная гигиена,Мыло кусковое,Мыло кусковое,,,,
Красота,Персональная гигиена,Салфетки,Салфетки,,,,
Красота,Персональная гигиена,Специальные средства,Специальные средства,,,,
Красота,Персональная гигиена,Средства для ванны и душа,Гель для душа,,,,
Красота,Персональная гигиена,Средства для ванны и душа,Пена для ванн,,,,
Красота,Персональная гигиена,Средства для ванны и душа,Пилинги,,,,
Красота,Персональная гигиена,Средства для ванны и душа,Подарочный набор,,,,
Красота,Персональная гигиена,Средства для ванны и душа,Соли для ванн,,,,
Красота,Персональная гигиена,Средства для интимной гигиены,Средства для интимной гигиены,,,,
Красота,Персональная гигиена,Средства для/после бритья,Подарочный набор,,,,
Красота,Персональная гигиена,Средства для/после бритья,Средства для/после бритья,,,,
Красота,Персональная гигиена,Уход за полостью рта,Зубная паста,,,,
Красота,Персональная гигиена,Уход за полостью рта,Специальные средства,,,,
Красота,Уход за волосами,Ампулы,Дополнительные средства,,,,
Красота,Уход за волосами,Груминг,кондиционер,,,,
Красота,Уход за волосами,Груминг,Очищение,,,,
Красота,Уход за волосами,Груминг,шампунь,,,,
Красота,Уход за волосами,Груминг,Специальные средства,,,,
Красота,Уход за волосами,Краска,Дополнительные средства,,,,
Красота,Уход за волосами,Краска,Оттеночные средства,,,,
Красота,Уход за волосами,Краска,Стойкие краски аммиачные,,,,
Красота,Уход за волосами,Краска,Стойкие краски без аммиачные,,,,
Красота,Уход за волосами,Пробники,Пробники,,,,
Красота,Уход за волосами,Стайлинг,Стайлинг,,,,
Красота,Уход за волосами,Уход за волосами,шампунь,,,,
Красота,Уход за волосами,Уход за волосами,кондиционер,,,,
Красота,Уход за волосами,Уход за волосами,Специальные средства,,,,
Красота,Уход за кожей,Пробники,Пробники,,,,
Красота,Уход за кожей,Уход за лицом,BB/CC/DD,,,,
Красота,Уход за кожей,Уход за лицом,Для кожи глаз,,,,
Красота,Уход за кожей,Уход за лицом,Для кожи губ,,,,
Красота,Уход за кожей,Уход за лицом,Для шеи,,,,
Красота,Уход за кожей,Уход за лицом,Для/после загара,,,,
Красота,Уход за кожей,Уход за лицом,Дневной,,,,
Красота,Уход за кожей,Уход за лицом,Маски,,,,
Красота,Уход за кожей,Уход за лицом,Ночной,,,,
Красота,Уход за кожей,Уход за лицом,Очищение,,,,
Красота,Уход за кожей,Уход за лицом,Пилинги,,,,
Красота,Уход за кожей,Уход за лицом,Подарочный набор,,,,
Красота,Уход за кожей,Уход за лицом,Салфетки,,,,
Красота,Уход за кожей,Уход за лицом,Специальные средства,,,,
Красота,Уход за кожей,Уход за лицом,Сыворотки,,,,
Красота,Уход за кожей,Уход за лицом,Тоники,,,,
Красота,Уход за кожей,Уход за телом,Специальные средства,,,,
Красота,Уход за кожей,Уход за телом,Для ног,,,,
Красота,Уход за кожей,Уход за телом,Антицеллюлитные,,,,
Красота,Уход за кожей,Уход за телом,Для рук,,,,
Красота,Уход за кожей,Уход за телом,До/после загара,,,,
Красота,Уход за кожей,Уход за телом,Мисты,,,,
Красота,Уход за кожей,Уход за телом,Основной уход,,,,
Красота,Уход за кожей,Уход за телом,Подарочный набор,,,,