01LNQ0000075,LNQ Скраб для тела Виноград Совиньон Блан 200 мл
01ANK0000025,ANU Cкраб для тела кокос 250 мл
01ANK0000026,ANU Cкраб для тела кофе 250 мл
01ANK0000022,ANU Cкраб для тела ягодный 250 мл
102048,ANU SOS-маска для лица 50 мл
01ANK0000048,ANU Гель для душа Бергамот и лайм 460 мл
01ANK0000046,ANU Гель для душа Дикие ягоды 460 мл
01ANK0000049,ANU Гель для душа Ежевика 460 мл
01ANK0000045,ANU Гель для душа Кокос 460 мл
01ANK0000047,ANU Гель для душа Летний букет 460 мл
01ANK0000044,ANU Гель для душа Молоко и мед 460 мл
01ANK0000050,ANU Гель для душа с AHA
01ANK0000043,ANU Гель для душа Сладкий персик 460 мл
102012,ANU Гель для умывания алоэ вера 200 мл
102011,ANU Гель для умывания пантенол 200 мл
01ANK0000001,ANU Гель для умывания с АНА-BHA кислотами 200 мл
01ANK0000003,ANU Гидрофильное масло для лица 110 мл
102024,ANU Горячий скраб для тела 250 мл
102007,ANU Дневной крем для лица Collagen booster 50 мл
102001,ANU Крем для лица Hyaluron Active 50 мл 
01ANK0000038,ANU Крем-баттер для тела Бергамот и лайм 200 мл
01ANK0000037,ANU Крем-баттер для тела Дикие ягоды 200 мл
01ANK0000040,ANU Крем-баттер для тела Кокос 200 мл 
01ANK0000036,ANU Крем-баттер для тела Летний букет 200 мл
01ANK0000039,ANU Крем-баттер для тела Свежий манго 200 мл 
01ANK0000035,ANU Крем-баттер для тела Сладкий персик 200 мл
102005,ANU Крем-гель для лица Collagen booster 50 мл
102003,ANU Крем-лифтинг для лица Lifting power 50 мл
01ANK0000018,ANU Маска для лица Collagen booster 50 мл
01ANK0000019,ANU Маска для лица Lifting Power 50 мл
102027,ANU Масло для тела антицеллюлитное110 мл
01ANKSET0001,ANU Набор кремов Collagen booster
01ANKSET0002,ANU Набор сыворотки и крема для лица Lifting power
102006,ANU Ночной крем для лица Collagen booster 50 мл
01ANK0000008,ANU Скраб для лица Дикие ягоды 75 мл
01ANK0000007,ANU Скраб для лица энзимный 75 мл
102023,ANU Скраб для тела МЁД 250 мл
102021,ANU Скраб для тела СОЛЬ 250 мл
102042,ANU Сыворотка Collagen booster 30 мл
102041,ANU Сыворотка Hyaluron Active 30 мл
102043,ANU Сыворотка Lifting power golden serum 30 мл
01ANK0000041,ANU Твердое масло для тела Виноград 100 мл
01ANK0000042,ANU Твердое масло для тела Кокос 100 мл
01ANK0000006,ANU Тоник для лица Anti-Аcne 200 мл
01ANK0000004,ANU Тоник для лица Hyaluron Active 200 мл
02TMS0030022,BEA Гель для умывания витамин С И ниацинамид 200 мл
02TMS0030021,BEA Гель для умывания пантенол и гиалуроновая кислота 200 мл
02TMS0030026,BEA Гель для чувствительной и атопичной кожи лица 200 мл
02TMS0030037,BEA Гидрофильное масло для умывания Свежесть и чистота кожи 150 мл
02TMS0030036,BEA Крем для век корректирующий 30 мл
02TMS0030027,BEA Крем для лица гиалуроновая кислота и ниацинамид 50 мл
02TMS0030029,BEA Крем для лица и век пептид змеиного яда 50 мл
02tms0030009,BEA Крем для лица коллаген и гиалуроновая кислота 50 мл
02TMS0030016,BEA Крем для лица пептиды и гиалуроновая кислота 50 мл
02TMS0030017,BEA Крем для лица ретинол и витамин С 50 мл
02TMS0030033,BEA Крем с мочевиной для лица и тела 100 мл
02TMS0030035,BEA Крем-сыворотка для кожи вокруг глаз Hyaluronic 30 мл
02TMS0030038,BEA Мицеллярная вода c гиалуроновой кислотой 450 мл
02TMS0030028,BEA Мусс для лица 150 мл
02TMS0030034,BEA Пенка для умывания против акне 150 мл
02TMS0030031,BEA Пилинг для лица с миндальной кислотой 30 мл.
02TMS0030030,BEA Пилинг для лица с молочной кислотой 30 мл
02tms0030005,BEA Сыворотка Centella 30 мл
BEA1382,BEA Сыворотка с гиалуроновой кислотой 30 мл
BEA1375,BEA Сыворотка с ретинолом 30 мл
02tms0030006,BEA Сыворотка сияние кожи 30 мл
02TMS0030032,BEA Тоник для лица AHA-кислоты 200 мл
02TMS0030023,BEA Тоник для лица балансирующий 200 мл
02TMS0030024,BEA Тоник для лица омолаживающий 200 мл
02TMS0030025,BEA Тоник для лица увлажняющий 200 мл
02TMS0030019,BEA Энзимная пудра гиалуроновая кислота и белый чай 50 гр
02TMS0030020,BEA Энзимная пудра ниацинамид и папаин 50 гр
02tms0030004,BEA Сыворотка Botox effect 30 мл
BEA1399,BEA Сыворотка с ниацинамидом и цинком 30 мл
01NOB0000005,CNP Крем вокруг глаз TOTAL REPAIR 30 мл
01CNP0000001,CNP Крем для лица EXTRA HYDRA 50 мл
01NOB0000007,CNP Крем для лица INTENSIVE REPAIR 50 мл
01NOB0000037,CNP Крем для лица RETINOL + 50 мл
01NOB0000010,CNP Крем для лица SOS CERAMIDE + 50 мл
01CNP0000003,CNP Крем для лица VITA POWER 50 мл
01NOB0000009,CNP Крем для лица VITAMIN C + 50 мл
01NOB0000003,CNP Крем для лица ночной TOTAL REPAIR 50 мл
01NOB0000004,CNP Крем-гель для лица CERAMIDE + 50 мл
01NOB0000011,CNP Маска для лица HYDRA COMFORT 75 мл
01NOB0000019,CNP Маска для лица INTENSIVE REPAIR 50 мл
01CNP000002,CNP Пилинг для лица ACNE CONTROL 30 мл
01CNP0000007,CNP Сыворотка ACNE CONTROL 30 мл
01NOB0000012,CNP Сыворотка HYDRA COMFORT 30 мл
01NOB0000002,CNP Сыворотка RETINOL + 30 мл
01NOB0000024,CNP Сыворотка TOTAL REPAIR 30 мл
01NOB0000001,CNP Сыворотка VITA POWER 30 мл
01NOB0000025,CNP Тоник для лица ACNE CONTROL 200 мл
01NOB0000015,CNP Тоник для лица HYDRA COMFORT 200 мл
01CNP0000030,CNP Гель для душа ACNE CONTROL
01CNP0000029,CNP Гель для душа INTENSIVE REPAIR 
01CNP0000036,CNP Гель для интимной гигиены INTENSIVE REPAIR 250 мл
01NOB0000029,CNP Гель для умывания ACNE CONTROL 200 мл
01CNP0000017,CNP Гель для умывания ANTI AGE POWER 200 мл
01CNP0000018,CNP Гель для умывания BALANCE 200 мл
01NOB0000028,CNP Гель для умывания HYDRA COMFORT 200 мл
01NOB0000027,CNP Гель для умывания INTESIVE REPAIR 200 мл
01NOB0000030,CNP Гель для умывания VITA POWER 200 мл
01NOB0000031,CNP Гель для умывания VITAMIN C+ 200 мл
01NOB0000021,CNP Гидрофильное масло HYDRA COMFORT
01NOB0000022,CNP Гидрофильное масло RETINOL +
01CNP0000032,CNP Дезодорант BALANCE
01CNP0000031,CNP Дезодорант INTENSIVE REPAIR 
01CNP0000049,CNP Дезодорант VITA POWER
01CNP0000006,CNP Крем для век  VITAMIN C + 50 мл
01NOB0000006,CNP Крем для век PEPTIDE POWER 30 мл
01NOB0000008,CNP Крем для лица ACNE CONTROL 50 мл
01CNP0000004,CNP Крем для лица BALANCE 50 мл
01NOB0000020,CNP Крем для лица COLLAGEN + 50 мл
01CNP0000005,CNP Крем для лица PEPTIDE POWER 50 мл
01CNP0000034,CNP Крем для тела ACNE CONTROL
01CNP0000035,CNP Крем-бальзам для тела VITA POWER 200 мл 
01CNP0000002,CNP Крем-флюид для лица HYDRA COMFORT 50 мл
01CNP0000020,CNP Маска для лица ACNE CONTROL
01CNP0000040,CNP Маска для лица CERAMIDE + 75 мл
01CNP0000019,CNP Маска для лица COLLAGEN + 50 мл
01NOB0000026,CNP Масло для тела INTENSIVE REPAIR 110 мл
01NOB0000016,CNP Мицеллярная вода INTENSIVE REPAIR 250 мл
01CNP0000033,CNP Молочко для тела INTENSIVE REPAIR
01CNP0000025,CNP Пилинг всесезонный BALANCE 30 мл
01NOB0000035,CNP Пилинг для кожи головы BALANCE
01NOB0000036,CNP Пилинг для кожи головы VITA POWER
01CNP0000026,CNP Пилинг для лица ANTI AGE POWER 30 мл
01CNP0000024,CNP Пилинг интенсивный VITA POWER 30 мл
01CNP0000028,CNP Пилинг скатка для лица VITA POWER 
01CNP0000046,CNP Пилинг-диски ACNE CONTROL
01CNP0000045,CNP Пилинг-диски VITA POWER
01CNP0000044,CNP Пилинг-диски VITAMIN C +
01CNP0000048,CNP Скраб для лица мягкий HYDRA COMFORT
01CNP0000039,CNP Спрей INTENSIVE REPAIR 150 мл
01CNP0000008,CNP Сыворотка BALANCE 30 мл
01CNP0000011,CNP Сыворотка CERAMIDE + 30 мл
01NOB0000023,CNP Сыворотка COLLAGEN + 30 мл
01CNP0000010,CNP Сыворотка PEPTIDE POWER 30 мл
01CNP0000009,CNP Сыворотка VITAMIN C+ 30 мл
01CNP0000015,CNP Тоник для лица  ANTI AGE POWER 200 мл
01CNP0000016,CNP Тоник для лица BALANCE 200 мл
01CNP0000012,CNP Тоник для лица INTENSIVE REPAIR 200 мл
01CNP0000013,CNP Тоник для лица VITA POWER 200 мл
01CNP0000014,CNP Тоник для лица VITAMIN C + 200 мл
01CNP0000043,CNP Точечное средство от несовершенств ACNE CONTROL
01NOB0000033,CNP Шампунь для глубокого очищения BALANCE 250 мл
01NOB0000034,CNP Шампунь для роста волос INTENSIVE REPAIR 250 мл
01CNP0000037,CNP Шампунь от перхоти INTENSIVE REPAIR
01CNP0000038,CNP Шампунь от перхоти VITA POWER
01NOB0000017,CNP Энзимная пудра ACNE CONTROL 110 мл
01NOB0000032,CNP Энзимная пудра BALANCE 110 мл
01CNP0000027,CNP Энзимная пудра HYDRA COMFORT 110 мл
01NOB0000018,CNP Энзимная пудра VITAMIN C+ 110 мл
02cst0020026,CST  Дезодорант Зеленый чай 100 мл
02cst0020016,CST Баттер для тела Австралийская слива и амбра 200 мл
02cst0020007,CST Баттер для тела Мускус и ваниль 200 мл
02cst0020009,CST Баттер для тела Янтарь и дубовый мох 200 мл
02cst0020013,CST Баттер Коньячная груша 200 мл
02cst0020014,CST Баттер Черная амбра и слива 200 мл
02cst0020024,CST Гель для душа Herb и Вишня 1000 мл
02cst0020018,CST Гель для душа Австралийская слива и амбра 1000 мл
02cst0020023,CST Гель для душа Коньячная груша 1000 мл
02cst0020017,CST Гель для душа Мускус и Ваниль 1000 мл
02cst0020019,CST Гель для душа Янтарь и дубовый мох 1000 мл
02cst0020022,CST Дезодорант Жасмин 100 мл
02cst0020012,CST Дезодорант Кристальный 100 мл
02cst0020025,CST Крем для ног ВОСК 100 мл
02cst0020020,CST Лосьон-сливки для тела Herb & Cherry 200 мл
02cst0020021,CST Лосьон-сливки для тела Кашемир и Слива 200 мл
02cst0020005,CST Скраб для тела Herb & Cherry 350 гр
02cst0020003,CST Скраб для тела Австралийская слива и амбра
02cst0020015,CST Скраб для тела Кашемир и Слива 350 гр
02cst0020002,CST Скраб для тела Мускус и ваниль 350 гр
02cst0020004,CST Скраб для тела Янтарь и дубовый мох 350 гр
02cst0010002,EH Баттер для тела Арбуз 180 гр
02cst0010023,EH Баттер для тела Вишня 300 мл
02cst0010022,EH Баттер для тела Дыня 300 мл
02cst0010001,EH Баттер для тела Кокос 180 гр
02cst0010004,EH Баттер для тела Манго 180 гр
02cst0010003,EH Баттер для тела Миндаль 180 гр
02cst0010029,EH Гель для душа Арбуз 1000 мл
02cst0010027,EH Гель для душа Кокос 1000 мл
02cst0010028,EH Гель для душа Манго 1000 мл
02cst0020001,EH Дезодорант Crystall 100 мл
02cst0010024,EH Дезодорант Зеленый чай 100 мл
02cst0010025,EH Дезодорант Лаванда 100 мл
02cst0010036,EH Крем для для усталых ног
02cst0010037,EH Крем для ног с мочевиной
02cst0010019,EH Крем для тела охлаждающий 300 мл
02cst0010018,EH Крем для тела разогревающий 300 мл
02cst0010030,EH Лосьон-сливки для тела Дыня 200 мл
02cst0010031,EH Лосьон-сливки для тела Манго 200 мл
02cst0010026,EH Масло взбитое Кокос 150 мл
02cst0010021,EH Масло гидрофильное для душа Дыня 200 мл
02cst0010020,EH Масло гидрофильное для душа Маями 200 мл
02cst0010011,EH Масло для тела Аргана 150 мл
02cst0010010,EH Масло для тела Грейпфрут 150 мл
02cst0010006,EH Масло для тела Манго 150 мл
02cst0010005,EH Масло для тела с витамином Е 150 мл
02cst0010009,EH Масло твердое для тела Кокос 180 гр
02cst0010008,EH Масло твердое для тела Манго 180 гр
02cst0010013,EH Скраб для тела Апельсин-мед 300 гр
02cst0010014,EH Скраб для тела Детокс 300 гр
02cst0010015,EH Скраб для тела Кокос 300 мл
02cst0010007,EH Скраб для тела Кокос и Апельсин 180 гр
02cst0010016,EH Скраб для тела Манго 300 гр
02cst0010012,EH Скраб-крем для тела абрикос 300 гр
02HRS0060008,HRC Бальзам с кератином 1000 мл
02HRS0060004,HRC Кондиционер COCONUT 1000 мл
02HRS0060002,HRC Кондиционер COCONUT 500 мл
02HRS0040016,HRCP Кондиционер COLLAGEN POWER 1000 мл
02hrs0040002,HRCP Кондиционер Keratin Power 1000 мл
02HRS0040013,HRC Кондиционер KERATIN POWER 500 мл
02HRS0040005,HRC Кондиционер с коллагеном 1000 мл
02HRS0040017,HRCP Маска для волос COLLAGEN POWER 300 мл
02HRS0040009,HRC Маска для волос HYDRO 300 мл
02HRS0040011,HRCP Маска для волос KERATIN POWER 300 мл
02HRS0050036,HRCP Маска для волос LUXE BLOND 500 мл
02HRS0040008,HRC Маска для волос POWER HAIR 300 мл
02HRS0040018,HRCP Масло для волос COLLAGEN POWER 100 мл
02HRS0040006,HRCP Масло для волос KERATIN POWER 100 мл
02HRS0040014,HRCP Пилинг для кожи головы PEEL POWER 150 мл
02hrs0040003,HRCP Спрей Keratin Power 250 мл
02HRS0060005,HRCP Шампунь 2в1 JUST FOR MEN 1000 мл
02HRS0040010,HRC Шампунь 2в1 MEN 1000 мл
02HRS0060003,HRC Шампунь COCONUT 1000 мл
02HRS0060001,HRC Шампунь COCONUT 500 мл
02HRS0040015,HRCP Шампунь COLLAGEN POWER 1000 мл
02hrs0040001,HRCP Шампунь Keratin Power 1000 мл
02HRS0040012,HRC Шампунь KERATIN POWER 500 мл
02HRS0060007,HRC Шампунь с кератином 1000 мл
02HRS0040004,HRC Шампунь с коллагеном 1000 мл
02HRS0050024,HRS Cпрей BEACH HAIR SALT Spray 250 мл
02hrs0050008,HRS Happy Hair Mask 500 мл
02HRS0050019,HRS SCALP AHA-PEEL 150 мл
02hrs0050011,HRS SOS маска для волос 500 мл 
02HRS0050025,HRS Кондиционер ARGAN OIL 1000 мл
02HRS0050020,HRS Кондиционер EXTRA VOLUME 1000 мл
02hrs0050009,HRS Кондиционер HYDRO 1000 мл
02HRS0050022,HRS Кондиционер HYDRO 250мл
02HRS0050014,HRS Кондиционер LUXE BLOND 1000 мл
02hrs0050005,HRS Кондиционер Perfect Hair 1000 мл
02HRS0050029,HRS Кондиционер SAVE MY COLOR! 1000 мл
02hrs0050003,HRS Кондиционер Кератин 1000 мл
02HRS0050035,HRS Маска для волос OIL THERAPY MASK 500мл
02hrs0050001,HRS Маска Кератин 500 мл
02HRS0050015,HRS Масло для волос MIRACLE 100 мл
02HRSSET1001,HRS Набор Keratin Шампунь+Бальзам 1л+1л
02HRSSET0001,HRS Набор Шампунь + Кондиционер Perfect Hair
02HRS0050023,HRS Пилинг для кожи головы с кислотами 150 мл
02HRS0050018,HRS Спрей WOW 250 мл
02HRS0050027,HRCP Спрей COLLAGEN POWER SPRAY 250 мл
02HRS0050034,HRS Спрей VOLUME SPRAY 250 мл
02hrs0050006,HRS Спрей-филлер Collagen 250 мл
02HRS0050033,HRS Шампунь ACTIVE GROW 250 мл
02HRS0050026,HRS Шампунь ARGAN OIL 1000 мл
02hrs0050002,HRS Шампунь Coconut 1000 мл
02HRS0050028,HRS Шампунь COLOR SAFE 1000 мл
02HRS0050016,HRS Шампунь FOR MEN CLEAR AND POWER 1000 мл
02HRS0050017,HRS Шампунь FOR MEN REFRESHING AND ENERGY 1000 мл
02hrs0050007,HRS Шампунь Hydro 1000 мл
02HRS0050021,HRS Шампунь HYDRO 250 мл
02HRS0050013,HRS Шампунь LUXE BLOND 1000 мл
02HRS0050030,HRS Шампунь SULFATE-FREE 1000 мл
02HRS0050012,HRS Шампунь VOLUME UP 1000 мл
02hrs0050004,HRS Шампунь Кератин 1000 мл
01LNQ0000024,LNQ Cыворотка HYDRA 30 мл
01LNQ0000100,LNQ Бальзам- кондиционер REPAIR 500 мл
01LNQ0000102,LNQ Бальзам-кондиционер GROW 500 мл
01LNQ0000099,LNQ Бальзам-кондиционер HYDRA 500 мл
01LNQ0000063,LNQ Крем-баттер для тела Кокос и Масло Ши 200 мл 
01LNQ0000066,LNQ Крем-баттер для тела Тропическое манго 200 мл 
01LNQ0000064,LNQ Крем-баттер для тела Шоколад и мята 200 мл 
01LNQ0000065,LNQ Крем-баттер для тела Ягодный шейк 200 мл 
01LNQ0000040,LNQ Маска для лица LIFT RENEW 50 мл
01LNQ0000039,LNQ Маска для лица SEBO BALANCE 50 мл 
01LNQ0000037,LNQ Маска-скраб для лица HYDRA 50 мл 
01LNQ0000072,LNQ Скраб для тела Капучино 250 мл 
01LNQ0000069,LNQ Скраб для тела Кокос и морская соль 250 мл 
01LNQ0000074,LNQ Скраб для тела Мед и грецкий орех 200 мл
01LNQ0000070,LNQ Скраб для тела Тропическое манго 200 мл 
01LNQ0000073,LNQ Скраб для тела Цитрусовый сорбет 200 мл 
01LNQ0000071,LNQ Скраб для тела Ягодный смузи 200 мл 
01LNQ0000029,LNQ Сыворотка ANTI-ACNE HELPER 30 мл 
01LNQ0000025,LNQ Сыворотка ANTI-AGE GUARD 30 мл
01LNQ0000031,LNQ Сыворотка ANTIOX 30 мл
01LNQ0000026,LNQ Сыворотка LIFT RENEW коллаген + ретинол 30 мл
01LNQ0000107,LNQ Сыворотка LIFT RENEW Лифтинг и укрепление 30 мл
01LNQ0000032,LNQ Сыворотка SEBO HELPER 30 мл
01LNQ0000027,LNQ Сыворотка NUTRI 30 мл
01LNQ0000028,LNQ Сыворотка-пилинг SEBO BALANCE 30 мл
01LNQ0000095,LNQ Шампунь GROW 500 мл
01LNQ0000111,LNQ Шампунь GROW 250 мл
01LNQ0000092,LNQ Шампунь HYDRA 500 мл
01LNQ0000109,LNQ Шампунь HYDRA 250 мл
01LNQ0000110,LNQ Шампунь REPAIR 250 мл
01LNQ0000093,LNQ Шампунь REPAIR 500 мл
01LNQ0000038,LNQ Энзимная маска для лица ANTIOX 50 мл 
01MDT0000062,MDT Cкраб для тела Mango skin 250 мл
01MDT0060001,MDT Cыворотка с маслами Enrich expert 
01MDT0000090,MDT Масло для тела Anticellulite active
01MDT0000002,MDT Крем для тела антицеллюлит 200 мл
01MDT0000061,MDT Арома скраб для тела с AHA-кислотами 250 мл
01MDT0000083,MDT Арома скраб для тела с AHA-кислотами Пряный сандал 200 мл
01MDT0000211,MDT Бальзам для волос Moist&Smooth
01MDT0000210,MDT Бальзам для волос Repair&Shine
01MDT0000093,MDT Гель для душа Vanilla Cream
01MDT0000097,MDT Гель для душа COCONUT
01MDT0090001,MDT Гель для душа Coffee&caramel
01MDT0000096,MDT Гель для душа MANGO SKIN
01MDT0000095,MDT Гель для душа RELAX GRAPE TEA
01MDT0000092,MDT Гель для душа RICH PEACH
01MDT0000098,MDT Гель для душа Strawberry pleasure
01MDT0000202,MDT Гель для умывания Collagen Up
01MDT0060002,MDT Гель для умывания enrich expert
01MDT0000201,MDT Гель для умывания hydra&matte
01MDT0000203,MDT Гель для умывания Hydration booster
01MDT0050004,MDT Гель для умывания skin harmony
01MDT0000081,MDT Гидрофильное масло с жожоба и витаминами А,Е 110 мл
01MDT0000099,MDT Крем для лица Perfect tone 50 мл
01MDT0010003,MDT Крем для лица дневной Pro anti age 50 мл
01MDT0010002,MDT Крем для лица ночной Pro anti age 50 мл
01MDT0050003,MDT Крем для лица Skin Harmony
01MDT0000026,MDT Крем для лица Collagen Up 50 мл
01MDT0000011,MDT Крем для тела Coconut souffle 200 мл
01MDT0000001,MDT Крем-баттер для тела Coconut 200 мл
01MDT0000009,MDT Крем-баттер для тела MANGO SKIN 200 мл
01MDT0000008,MDT Крем-баттер для тела Relax grape tea 200 мл
001MDT0000001,MDT Крем-баттер для тела Salted caramel 200 мл
01MDT0000012,MDT Крем-суфле для тела Rich Peach
01MDT0000213,MDT Маска для волос Repair&Shine
01MDT0000212,MDT Маска для волос с эффектом ламинирования
01MDT0000015,MDT Крем-флюид для лица hydra&matte
01MDT0000059,MDT Скраб для тела Relax Grape Tea 250 мл
01MDT0000060,MDT Скраб для тела Strawberry Pleasure 250 мл
01MDT0000206,MDT Спрей Rebuilding Elixir
01MDT0000010,MDT Суфле для тела Vanilla Cream 200 мл
01MDT0000080,MDT Сыворотка с коллагеном и ретинолом Pro anti age 30 мл
01MDT0070002,MDT Сыворотка Hydra&Matte
01MDT0000031,MDT Сыворотка с коллагеном Collagen Up 30 мл
01MDT0050001,MDT Сыворотка с ниацинамидом Skin Harmony
01MDT0110001,MDT Тоник для лица Collagen Up
01MDT0100001,MDT Тоник для лица Hydration booster
01MDT0050002,MDT Тоник для лица Skin Harmony
01MDT0000091,MDT Масло для тела Skin meditation
01MDT0000030,MDT Сыворотка Hydration booster
01MDT0000209,MDT Шампунь Moist&Smooth
01MDT0000208,MDT Шампунь Nutrition&Strength
01MDT0000207,MDT Шампунь Repair&Shine
01MDT0000205,MDT Энзимная пудра perfect tone
02TMS0050001,OMF Cыворотка РЕТИНОЛ И ГИАЛУРОНОВАЯ КИСЛОТА 30 мл
02TMS0050003,OMF Cыворотка КОЛЛАГЕН И ПЕПТИДНЫЙ КОМПЛЕКС 30 мл
02TMS0050004,OMF Cыворотка ФРУКТОВЫЕ КИСЛОТЫ 30 мл
02TMS0050002,OMF Cыворотка ГИАЛУРОНОВАЯ КИСЛОТА И АЛОЭ 30 мл
02TMS0050012,OMF Крем для лица с ретинолом 50 мл
02TMS0050006,OMF Крем для лица гиалуроновый 50 мл
02TMS0050007,OMF Крем-баланс для лица матирующий 50 мл
02TMS0050008,OMF Крем-корректор для лица себорегулирующий 50 мл
02TMS0050013,OMF Лифтинг-крем для лица с пептидами 50 мл
02TMS0050016,OMF Гель для умывания с салициловой кислотой и цинком 200 мл
02TMS0050005,OMF Сыворотка-концентрат BHA-кислота и центелла 30 мл
02TMS0050010,OMF Тоник для лица гиалуроновый 200 мл
02TMS0050009,OMF Тоник для лица матирующий 200 мл
02TMS0050011,OMF Тоник для лица успокаивающий 200 мл
02TMS0050017,OMF Гель для умывания с пептидами и гиалуроновой кислотой 200 мл
02TMS0050015,OMF Гель для умывания с вит. Е, F и гиалуроновой кислотой 200 мл
02TMS0050014,OMF Гель для умывания энзимный с AHA-кислотами 200 мл
02TMS0040001,TMS Сыворотка Laboratory Collagen
02TMS0060001,TMS Pharmique  Intensive Anti-Wrinkle Cream, 50 мл
02TMS0060002,TMS Pharmique Anti-Age Cream Peptide Power Complex, 50 мл
02TMS0020035,TMS Пилинг азелаиновый для проблемной кожи 30 мл
02TMS0000020,TMS Гель для умывания HYALURONIC & PANTHENOL 200 мл
02TMS0020020,TMS Гель для умывания VITAMIN C & NIACINAMIDE 200 мл
02TMS0020034,TMS Гидрофильное масло для умывания Pure Cleansing Oil 150 мл
02TMS0020024,TMS Дневной крем для лица SERA & ZINC 50 мл
02TMS0020025,TMS Крем вокруг глаз против сухости 30 мл
02TMS0020017,TMS Крем для лица с ретинолом и витамином С 50 мл
02tms0020009,TMS Крем для лица COLLAGEN & HYALURONIC 50 мл
02TMS0020023,TMS Крем для лица HYALURONIC & NIACINAMIDE 50 мл
02TMS0020026,TMS Крем вокруг глаз против темных кругов 30 мл
02TMS0020028,TMS Лифтинг-маска для лица 50 мл
02TMS0020016,TMS Крем для лица PEPTIDES & HYALURONIC 50 мл
02TMS0020033,TMS Отбеливающий крем для лица и тела 50 мл
02TMS0020032,TMS Отбеливающий крем для тела и интимных зон 75 мл
02tms0020012,TMS Гель Hyaluronic & Panthenol
02TMS0020031,TMS Пенка для умывания AHA-ACID COMPLEX 150 мл
02TMS0020030,TMS Пенка для умывания HYALURONIC & COLLAGEN 150 мл
02TMS0020036,TMS Ретиноевый пилинг с пептидами Golden Acid Peeling 30 мл
02tms0020006,TMS Сыворотка AHA ACIDS 30 мл
02tms0020004,TMS Сыворотка Botox effect 30 мл
TMS5976,TMS Сыворотка с ниацинамидом и цинком 30 мл
TMS5969,TMS Сыворотка с гиалуроновой кислотой 30 мл
TMS5952,TMS Сыворотка с ретинолом 30 мл
02tms0020005,TMS Сыворотка с центеллой 30 мл
02TMS0020021,TMS Тонер для лица ANTI-AGE 200 мл
02TMS0020027,TMS Тонер для лица HYDRATION 200 мл
02TMS0020022,TMS Тонер для лица SOOTHING 200 мл
02TMS0020029,TMS Дневной крем c AHA-PHA-BHA ACIDS Complex 50 мл
02TMS0020018,TMS Энзимная пудра для умывания BYE BYE PORES
02TMS0020019,TMS Энзимная пудра для умывания NIACINAMIDE
02cst0010041,EH Гель для душа Дыня, 1000 мл
02cst0020033,CST Гель для душа Кашемир и слива, 1000мл